Date,Temperature
2016/01/01,13.40805555555556
2016/01/02,13.652105263157894
2016/01/03,15.165200000000004
2016/01/04,16.28235294117647
2016/01/05,14.674137931034485
2016/01/06,11.876470588235295
2016/01/07,16.712894736842106
2016/01/08,15.383714285714284
2016/01/09,16.77625
2016/01/10,14.520869565217392
2016/01/11,16.924615384615382
2016/01/12,13.602000000000004
2016/01/13,11.648611111111107
2016/01/14,10.801590909090908
2016/01/15,10.858378378378381
2016/01/16,8.805250000000001
2016/01/17,7.730769230769231
2016/01/18,12.567380952380953
2016/01/19,12.592894736842107
2016/01/20,10.115777777777778
2016/01/21,11.896521739130433
2016/01/22,13.086078431372549
2016/01/23,12.968793103448274
2016/01/24,12.41290909090909
2016/01/25,11.688035714285714
2016/01/26,12.612826086956522
2016/01/27,12.59913043478261
2016/01/28,12.467446808510637
2016/01/29,12.581000000000001
2016/01/30,13.314888888888891
2016/02/01,14.515098039215689
2016/02/02,13.001463414634149
2016/02/03,13.054509803921574
2016/02/04,10.453333333333333
2016/02/05,11.038571428571432
2016/02/06,11.27983606557377
2016/02/07,17.80483333333333
2016/02/08,15.08526315789473
2016/02/09,15.327230769230768
2016/02/10,17.47176470588235
2016/02/11,19.027741935483867
2016/02/12,17.80483333333333
2016/02/13,19.799420289855075
2016/02/14,14.521384615384616
2016/02/15,12.286142857142854
2016/02/16,9.798378378378382
2016/02/17,9.500399999999997
2016/02/18,12.09148148148148
2016/02/19,11.137746478873241
2016/02/20,11.70253731343284
2016/02/21,11.10573529411765
2016/02/22,16.229259259259265
2016/02/23,16.329090909090908
2016/02/24,15.475853658536586
2016/02/25,14.225454545454545
2016/02/26,13.089680851063836
2016/02/27,10.143186813186814
2016/03/01,13.277319587628865
2016/03/02,18.62638095238096
2016/03/03,16.851134020618552
2016/03/04,13.871914893617024
2016/03/05,14.57977528089887
2016/03/06,12.038333333333332
2016/03/07,8.497610619469027
2016/03/08,10.47554455445545
2016/03/09,10.842450980392154
2016/03/10,10.651452991452992
2016/03/11,10.425982142857142
2016/03/12,10.316481481481487
2016/03/13,10.563119266055045
2016/03/14,11.373097345132742
2016/03/15,12.253018867924524
2016/03/16,14.735909090909091
2016/03/17,11.631351351351348
2016/03/18,13.038799999999998
2016/03/19,13.786896551724137
2016/03/20,14.579159663865545
2016/03/21,10.877372881355937
2016/03/22,11.79008849557522
2016/03/23,15.78025862068966
2016/03/24,14.351545454545453
2016/03/25,18.082758620689653
2016/03/26,19.773931623931617
2016/03/27,20.26098214285715
2016/03/28,18.705624999999998
2016/03/29,19.23840707964601
2016/03/30,16.0556779661017
2016/04/01,13.741946902654872
2016/04/02,13.934122807017545
2016/04/03,14.451826086956515
2016/04/04,14.282568807339446
2016/04/05,13.272083333333336
2016/04/06,15.61595041322314
2016/04/07,17.080000000000005
2016/04/08,12.63803418803419
2016/04/09,15.237698412698414
2016/04/10,15.466749999999996
2016/04/11,16.070423728813562
2016/04/12,17.53305084745763
2016/04/13,19.296068376068366
2016/04/14,17.60383928571428
2016/04/15,18.905084745762714
2016/04/16,20.088064516129027
2016/04/17,21.28084033613445
2016/04/18,17.681083333333337
2016/04/19,17.36214285714286
2016/04/20,18.461826086956524
2016/04/21,19.10212962962963
2016/04/22,17.54594827586207
2016/04/23,19.060655737704923
2016/04/24,19.87560344827587
2016/04/25,16.313153153153152
2016/04/26,17.794576271186447
2016/04/27,17.26922413793103
2016/04/28,18.22310344827587
2016/04/29,15.063090909090905
2016/05/01,16.278677685950417
2016/05/02,16.021186440677972
2016/05/03,17.518536585365855
2016/05/04,17.159646017699117
2016/05/05,14.075398230088497
2016/05/06,16.120932203389827
2016/05/07,17.83672131147541
2016/05/08,17.505882352941185
2016/05/09,16.12086956521739
2016/05/10,16.403750000000002
2016/05/11,18.93094017094018
2016/05/12,18.01268518518518
2016/05/13,17.958017241379316
2016/05/14,21.43203703703703
2016/05/15,20.44189655172413
2016/05/16,20.25196428571428
2016/05/17,18.809915966386555
2016/05/18,19.65759615384615
2016/05/19,21.663274336283173
2016/05/20,21.162268907563018
2016/05/21,20.397603305785132
2016/05/22,23.880603448275863
2016/05/23,20.697586206896553
2016/05/24,19.726260869565213
2016/05/25,21.958319327731093
2016/05/26,21.713596491228074
2016/05/27,22.011391304347818
2016/05/28,23.83906779661016
2016/05/29,23.512314049586767
2016/05/30,23.460614035087715
2016/06/01,22.36036363636363
2016/06/02,22.379724770642206
2016/06/03,22.227107438016528
2016/06/04,22.562416666666664
2016/06/05,22.914749999999994
2016/06/06,23.851147540983597
2016/06/07,23.385625000000005
2016/06/08,24.712892561983477
2016/06/09,26.365826086956528
2016/06/10,26.194615384615386
2016/06/11,25.887457627118636
2016/06/12,25.468583333333342
2016/06/13,29.075967741935486
2016/06/14,29.19478991596639
2016/06/15,27.88141666666667
2016/06/16,24.788
2016/06/17,25.275932203389843
2016/06/18,21.901150442477885
2016/06/19,22.27048
2016/06/20,22.827692307692306
2016/06/21,22.87923076923077
2016/06/22,23.275714285714276
2016/06/23,24.524576271186444
2016/06/24,25.096339285714297
2016/06/25,24.843361344537804
2016/06/26,24.429579831932774
2016/06/27,24.63126984126985
2016/06/28,24.17495726495725
2016/06/29,26.68581196581195
2016/07/01,26.58983050847458
2016/07/02,26.713801652892556
2016/07/03,25.686779661016953
2016/07/04,25.76974576271186
2016/07/05,27.0273949579832
2016/07/06,26.895982905982905
2016/07/07,24.2471186440678
2016/07/08,28.520416666666677
2016/07/09,27.952222222222233
2016/07/10,28.17366666666666
2016/07/11,27.838376068376064
2016/07/12,27.471864406779655
2016/07/13,25.868484848484872
2016/07/14,25.107839999999992
2016/07/15,24.100960000000004
2016/07/16,23.654198473282456
2016/07/17,23.801395348837215
2016/07/18,24.04642276422764
2016/07/19,25.30103174603173
2016/07/20,25.335468750000004
2016/07/21,27.225952380952375
2016/07/22,26.506377952755898
2016/07/23,26.345112781954903
2016/07/24,25.509626865671635
2016/07/25,26.088984375
2016/07/26,26.16383333333333
2016/07/27,27.655045871559636
2016/07/28,26.887663551401868
2016/07/29,26.273333333333337
2016/07/30,26.9765306122449
2016/08/01,27.12118811881187
2016/08/02,26.028389830508477
2016/08/03,26.53663551401868
2016/08/04,28.385810810810813
2016/08/05,27.43255319148935
2016/08/06,25.450172413793098
2016/08/07,24.86426229508196
2016/08/08,26.05907407407408
2016/08/09,25.476037735849058
2016/08/10,23.338260869565218
2016/08/11,24.838214285714294
2016/08/12,23.94614173228347
2016/08/13,23.717244094488194
2016/08/14,24.699448818897633
2016/08/15,24.079599999999996
2016/08/16,23.970714285714276
2016/08/17,27.060892857142854
2016/08/18,26.52108333333334
2016/08/19,27.424193548387098
2016/08/20,27.589844961240303
2016/08/21,26.05343511450381
2016/08/22,24.989999999999995
2016/08/23,24.305172413793102
2016/08/24,24.833865546218476
2016/08/25,24.339747899159658
2016/08/26,25.040737704918033
2016/08/27,24.882478632478637
2016/08/28,26.35035398230088
2016/08/29,26.52543103448276
2016/08/30,26.052660550458715
2016/09/01,24.81840707964603
2016/09/02,24.76785714285714
2016/09/03,25.611891891891904
2016/09/04,26.527478260869565
2016/09/05,29.45673267326733
2016/09/06,26.443168316831677
2016/09/07,25.78080357142857
2016/09/08,25.02660550458715
2016/09/09,25.424695652173913
2016/09/10,24.876470588235296
2016/09/11,24.655
2016/09/12,24.49089285714287
2016/09/13,24.278648648648655
2016/09/14,21.71033898305085
2016/09/15,20.019406779661026
2016/09/16,22.332807017543868
2016/09/17,21.988290598290597
2016/09/18,22.075083333333335
2016/09/19,21.729734513274334
2016/09/20,21.988292682926833
2016/09/21,22.541782945736433
2016/09/22,22.395877862595412
2016/09/23,22.619847328244266
2016/09/24,21.905600000000007
2016/09/25,22.25343511450381
2016/09/26,22.18031007751938
2016/09/27,21.976507936507936
2016/09/28,21.297672413793105
2016/09/29,22.516086956521743
2016/10/01,21.389008264462817
2016/10/02,21.885333333333335
2016/10/03,20.873770491803292
2016/10/04,21.6166393442623
2016/10/05,21.231147540983617
2016/10/06,22.240508474576284
2016/10/07,21.74807339449542
2016/10/08,20.659400000000005
2016/10/09,21.47071428571428
2016/10/10,21.238288288288278
2016/10/11,21.286435643564367
2016/10/12,20.217260273972606
2016/10/13,17.35394736842105
2016/10/14,21.85285714285714
2016/10/15,21.64923076923077
2016/10/16,22.984130434782614
2016/10/17,24.48958333333334
2016/10/18,23.08302325581395
2016/10/19,19.826666666666668
2016/10/25,22.60100000000001
2016/10/26,21.04560747663552
2016/10/27,19.83544642857143
2016/10/28,20.186727272727264
2016/10/29,17.780190476190477
2016/10/30,15.874601769911505
2016/11/01,17.257087378640783
2016/11/02,18.951599999999996
2016/11/03,19.418703703703702
2016/11/04,19.214423076923087
2016/11/05,19.79141304347826
2016/11/06,16.04775
2016/11/07,11.178461538461535
2016/11/08,12.765196078431373
2016/11/09,15.264634146341459
2016/11/10,15.43863247863248
2016/11/11,14.522018348623854
2016/11/12,13.79105691056911
2016/11/13,12.888290598290595
2016/11/14,13.052166666666668
2016/11/15,13.013145161290325
2016/11/16,12.751900826446285
2016/11/17,11.784473684210521
2016/11/18,14.062644628099179
2016/11/19,16.349687500000005
2016/11/20,12.652500000000002
2016/11/21,14.728421052631578
2016/11/22,13.990930232558135
2016/11/23,11.250781250000003
2016/11/24,8.524812030075186
2016/11/25,9.025606060606059
2016/11/26,13.938409090909088
2016/11/27,11.962136752136756
2016/11/28,11.48756097560975
2016/11/29,12.753583333333337
2016/12/01,12.63504132231405
2016/12/02,12.589487179487184
2016/12/03,11.681000000000006
2016/12/04,14.095241935483868
2016/12/05,15.051755725190826
2016/12/06,14.57511627906977
2016/12/07,12.501825396825398
2016/12/08,12.808699186991864
2016/12/09,14.02018018018018
2016/12/10,14.505463917525777
2016/12/11,12.846336633663372
2016/12/12,11.910208333333335
2016/12/13,11.486666666666665
2016/12/14,11.520792079207913
2016/12/15,10.106530612244898
2016/12/16,11.140510204081632
2016/12/17,11.961481481481483
2016/12/18,10.702187499999999
2016/12/19,10.333188405797102
2016/12/20,11.766164383561646
2016/12/21,11.788133333333338
2016/12/22,12.16217948717949
2016/12/23,11.083239436619719
2016/12/24,10.733466666666667
2016/12/25,10.89891891891892
2016/12/26,10.678648648648647
2016/12/27,11.319000000000003
2016/12/28,10.870294117647058
2016/12/29,11.986153846153847
2016/12/30,9.429310344827588
2017/01/01,9.495074626865673
2017/01/02,8.548333333333336
2017/01/03,11.762345679012345
2017/01/04,15.316282051282043
2017/01/05,13.543500000000003
2017/01/06,10.13
2017/01/07,9.724534883720928
2017/01/08,8.397931034482761
2017/01/09,8.581666666666667
2017/01/10,10.964444444444446
2017/01/11,13.012195121951223
2017/01/12,12.532298850574715
2017/01/13,14.136629213483147
2017/01/14,9.603736263736266
2017/01/15,10.278969072164948
2017/01/16,13.193235294117645
2017/01/17,9.82061855670103
2017/01/18,2.273703703703704
2017/01/19,5.061304347826088
2017/01/20,9.433780487804878
2017/01/21,9.042916666666667
2017/01/22,12.27142857142857
2017/01/23,11.241954022988505
2017/01/24,10.37554347826087
2017/01/25,11.658191489361704
2017/01/26,8.776732673267325
2017/01/27,10.433627450980394
2017/01/28,11.792500000000002
2017/01/29,10.828476190476193
2017/01/30,14.529203539823005
2017/02/01,10.954803149606297
2017/02/02,10.375652173913043
2017/02/03,13.540818181818178
2017/02/04,15.196434782608693
2017/02/05,14.890720000000002
2017/02/06,14.5605303030303
2017/02/07,16.870970149253733
2017/02/08,12.844925373134323
2017/02/09,9.976466165413536
2017/02/10,8.526363636363639
2017/02/11,11.859097744360898
2017/02/12,14.570601503759395
2017/02/13,15.703712121212117
2017/02/14,13.098203125000003
2017/02/15,11.378947368421054
2017/02/16,12.091654135338347
2017/02/17,11.449469696969706
2017/02/18,11.949624060150374
2017/02/19,12.342089552238802
2017/02/20,10.182556390977442
2017/02/21,11.027089552238806
2017/02/22,12.776590909090908
2017/02/23,14.778721804511283
2017/02/24,14.214402985074624
2017/02/25,14.249029850746266
2017/02/26,13.018421052631574
2017/02/27,15.217238805970155
2017/03/01,15.473984962406018
2017/03/02,14.869624060150368
2017/03/03,12.731343283582097
2017/03/04,10.084511278195492
2017/03/05,14.46388059701493
2017/03/06,19.379328358208962
2017/03/07,21.344135338345875
2017/03/08,19.042180451127823
2017/03/09,19.371641791044773
2017/03/10,19.791984732824435
2017/03/11,17.674253731343292
2017/03/12,18.760522388059698
2017/03/13,10.71518796992481
2017/03/14,13.60820895522388
2017/03/15,12.714621212121214
2017/03/16,12.047651515151518
2017/03/17,12.495488721804518
2017/03/18,13.733059701492534
2017/03/19,15.041492537313424
2017/03/20,15.865075757575754
2017/03/21,17.875112781954883
2017/03/22,16.977461538461547
2017/03/23,13.211212121212121
2017/03/24,10.613283582089553
2017/03/25,12.113458646616541
2017/03/26,13.58984375
2017/03/27,16.41179104477612
2017/03/28,15.425681818181816
2017/03/29,14.933984374999994
2017/03/30,14.529921259842522
2017/04/01,19.458432835820894
2017/04/02,17.280074626865673
2017/04/03,14.447218045112784
2017/04/04,15.702727272727275
2017/04/05,14.355263157894738
2017/04/06,14.645116279069754
2017/04/07,14.508955223880596
2017/04/08,15.019090909090911
2017/04/09,14.935223880597013
2017/04/10,15.195648854961837
2017/04/11,17.179999999999996
2017/04/12,16.66553719008265
2017/04/13,18.97818181818182
2017/04/14,22.10082089552239
2017/04/15,19.29365671641792
2017/04/16,17.42000000000001
2017/04/17,18.893533834586474
2017/04/18,18.343805970149262
2017/04/19,16.354328358208956
2017/04/20,15.136691729323303
2017/04/21,13.80790697674419
2017/04/22,15.186390977443606
2017/04/23,15.386060606060603
2017/04/24,16.908208955223884
2017/04/25,18.277067669172926
2017/04/26,20.21007575757576
2017/04/27,14.28105263157894
2017/04/28,11.2479104477612
2017/04/29,13.262985074626867
2017/05/01,18.906044776119415
2017/05/02,17.12462686567165
2017/05/03,17.401203007518806
2017/05/04,17.429925373134324
2017/05/05,20.14455223880596
2017/05/06,21.788421052631588
2017/05/07,19.592611940298507
2017/05/08,20.363432835820902
2017/05/09,20.236946564885493
2017/05/10,21.20119402985075
2017/05/11,20.242014925373137
2017/05/12,22.165877862595433
2017/05/13,22.99353383458647
2017/05/14,23.3485606060606
2017/05/15,21.275338345864657
2017/05/16,21.277835820895532
2017/05/17,21.03708955223881
2017/05/18,21.554586466165414
2017/05/19,19.913880597014934
2017/05/20,19.875939849624064
2017/05/21,19.068432835820897
2017/05/22,20.990746268656707
2017/05/23,21.544962406015017
2017/05/24,21.780977443609018
2017/05/25,22.558203124999995
2017/05/26,23.52651515151515
2017/05/27,23.417744360902244
2017/05/28,23.053208955223884
2017/05/29,21.78143939393939
2017/05/30,22.057175572519075
2017/06/01,23.13068181818181
2017/06/02,23.220526315789467
2017/06/03,23.41114503816793
2017/06/04,22.707142857142852
2017/06/05,22.747518796992477
2017/06/06,25.798796992481197
2017/06/07,23.407089552238816
2017/06/08,23.264925373134314
2017/06/09,23.07714285714286
2017/06/10,23.84992481203007
2017/06/11,25.22053030303031
2017/06/12,25.02656488549619
2017/06/13,25.69840909090908
2017/06/14,26.270887096774185
2017/06/15,25.2762831858407
2017/06/16,27.335943396226416
2017/06/17,26.55601851851852
2017/06/18,26.6350925925926
2017/06/19,24.994464285714283
2017/06/20,26.92368421052632
2017/06/21,26.383697478991603
2017/06/22,27.038888888888884
2017/06/23,27.677086614173234
2017/06/24,27.80454545454545
2017/06/25,26.68453846153846
2017/06/26,30.54943925233647
2017/06/27,27.0173880597015
2017/06/28,29.841417322834648
2017/06/29,27.70557251908397
2017/07/01,19.926969696969707
2017/07/02,22.94325757575758
2017/07/03,23.692290076335865
2017/07/04,23.84480916030534
2017/07/05,24.78212121212122
2017/07/06,27.190227272727277
2017/07/07,25.236492537313424
2017/07/08,27.947461538461543
2017/07/09,28.878257575757583
2017/07/10,27.850393700787386
2017/07/11,26.799062500000005
2017/07/12,28.494274809160306
2017/07/13,28.716641791044776
2017/07/14,27.061417322834636
2017/07/15,26.85748091603053
2017/07/16,26.564122137404592
2017/07/17,26.16916030534351
2017/07/18,27.494436090225577
2017/07/19,27.82872
2017/07/20,26.247669902912627
2017/07/21,26.824673913043487
2017/07/22,26.16043956043955
2017/07/23,26.232200000000002
2017/07/24,25.623469387755105
2017/07/25,26.127368421052637
2017/07/26,26.30186274509804
2017/07/27,27.36733333333334
2017/07/28,27.410961538461546
2017/07/29,26.118117647058828
2017/07/30,27.55511363636363
2017/08/01,28.191111111111123
2017/08/02,25.812941176470584
2017/08/03,32.58266666666667
2017/08/04,29.20771186440677
2017/08/05,29.287019230769246
2017/08/06,28.215049504950496
2017/08/07,27.489423076923078
2017/08/08,29.077623762376234
2017/08/09,25.332894736842103
2017/08/10,23.533068181818177
2017/08/11,23.95013157894737
2017/08/12,22.119714285714284
2017/08/13,24.595438596491235
2017/08/14,24.55727272727273
2017/08/15,24.037857142857142
2017/08/16,23.53024390243902
2017/08/17,26.986538461538455
2017/08/18,27.864626865671635
2017/08/19,27.07083333333333
2017/08/20,26.54812030075186
2017/08/21,25.59606060606062
2017/08/22,25.657537313432833
2017/08/23,25.065447761194037
2017/08/24,25.437786259541976
2017/08/25,26.364850746268644
2017/08/26,27.191954887218042
2017/08/27,26.405895522388043
2017/08/28,25.917835820895526
2017/08/29,22.10425373134328
2017/08/30,21.068872180451145
2017/09/01,24.304776119402984
2017/09/02,24.321127819548877
2017/09/03,24.144736842105264
2017/09/04,25.30014925373133
2017/09/05,25.845303030303036
2017/09/06,24.306044776119403
2017/09/07,24.16300000000001
2017/09/08,24.683697478991586
2017/09/09,23.748947368421053
2017/09/10,22.88849624060151
2017/09/11,25.818571428571417
2017/09/12,24.284135338345873
2017/09/13,23.016716417910448
2017/09/14,25.25383458646618
2017/09/15,23.374961832061082
2017/09/16,20.06358208955223
2017/09/17,21.45134328358209
2017/09/18,23.820984848484844
2017/09/19,22.160229007633585
2017/09/20,21.606030534351138
2017/09/21,21.780564516129036
2017/09/22,21.427307692307703
2017/09/23,21.04328358208956
2017/09/24,22.47791044776119
2017/09/25,23.821654135338346
2017/09/26,22.198872180451115
2017/09/27,22.197786259542
2017/09/28,21.321940298507464
2017/09/29,21.026044776119388
2017/10/01,21.390375939849626
2017/10/02,21.574850746268663
2017/10/03,21.6893984962406
2017/10/04,21.266992481203015
2017/10/05,21.244545454545452
2017/10/06,20.943383458646622
2017/10/07,19.845447761194045
2017/10/08,20.2905223880597
2017/10/09,19.754384615384616
2017/10/10,21.089477611940296
2017/10/11,19.997537313432844
2017/10/12,20.381127819548876
2017/10/13,21.24992537313433
2017/10/14,20.537761194029848
2017/10/15,20.72616541353384
2017/10/16,20.15992481203007
2017/10/17,19.71417910447762
2017/10/18,17.677164179104487
2017/10/19,16.726060606060614
2017/10/20,19.77552238805969
2017/10/21,19.610447761194028
2017/10/22,19.181578947368415
2017/10/23,17.517368421052645
2017/10/24,17.60917910447762
2017/10/25,17.809477611940302
2017/10/26,17.6105303030303
2017/10/27,17.10664179104478
2017/10/28,17.79305970149254
2017/10/29,17.083956834532387
2017/10/30,16.36234848484849
2017/11/01,16.981278195488716
2017/11/02,16.415820895522394
2017/11/03,16.51248120300751
2017/11/04,17.33373134328358
2017/11/05,17.62151515151516
2017/11/06,14.813383458646618
2017/11/07,12.250300751879696
2017/11/08,13.994360902255643
2017/11/09,12.394179104477614
2017/11/10,11.409097744360906
2017/11/11,14.306315789473679
2017/11/12,16.415895522388052
2017/11/13,16.251666666666665
2017/11/14,9.866791044776118
2017/11/15,10.304435483870968
2017/11/16,14.128227848101265
2017/11/17,14.51961538461539
2017/11/18,15.3776
2017/11/19,15.490434782608691
2017/11/20,16.83196721311475
2017/11/21,17.872500000000002
2017/11/22,14.054459459459459
2017/11/23,17.189999999999998
2017/11/24,16.572738095238087
2017/11/25,13.129615384615384
2017/11/26,13.907656250000002
2017/11/27,14.185542168674703
2017/11/28,14.69948051948052
2017/11/29,14.907096774193551
2017/12/01,11.959583333333335
2017/12/02,11.095777777777776
2017/12/03,9.194680851063827
2017/12/04,9.586415094339625
2017/12/05,12.010434782608696
2017/12/06,10.500000000000002
2017/12/07,10.44086956521739
2017/12/08,17.279333333333337
2017/12/09,15.863333333333332
2017/12/10,16.991081081081077
2017/12/11,13.773829787234042
2017/12/12,11.116818181818184
2017/12/13,12.368867924528306
2017/12/14,16.782352941176473
2017/12/15,16.771587301587296
2017/12/16,9.694700854700857
2017/12/17,7.1458139534883705
2017/12/18,7.290975609756098
2017/12/19,11.332248062015497
2017/12/20,8.233495934959352
2017/12/21,9.596470588235299
2017/12/22,8.656559139784946
2017/12/23,9.912820512820513
2017/12/24,11.498988764044947
2017/12/25,8.504499999999997
2017/12/26,11.47294117647058
2017/12/27,12.980740740740739
2017/12/28,16.590792079207915
2017/12/29,17.05148148148149
2017/12/30,15.641624999999996
2018/01/01,14.601428571428567
2018/01/02,16.083928571428572
2018/01/03,17.510789473684206
2018/01/04,18.381698113207555
2018/01/05,14.923749999999997
2018/01/06,9.542500000000004
2018/01/07,7.7754901960784295
2018/01/08,6.457699999999999
2018/01/09,7.472524271844662
2018/01/10,10.988918918918916
2018/01/11,11.757499999999993
2018/01/12,11.282897196261679
2018/01/13,8.51311926605505
2018/01/14,10.441467889908253
2018/01/15,9.092033898305088
2018/01/16,12.211382113821138
2018/01/17,13.933362831858407
2018/01/18,11.511441441441445
2018/01/19,10.935877192982456
2018/01/20,13.831043478260867
2018/01/21,17.202320000000004
2018/01/22,18.265499999999996
2018/01/23,13.205847457627115
2018/01/24,11.42153846153846
2018/01/25,9.20702290076336
2018/01/26,11.034094488188968
2018/01/27,10.754809160305339
2018/01/28,11.165433070866138
2018/01/29,10.966641221374047
2018/01/30,9.778015267175576
2018/02/01,12.128549618320617
2018/02/02,6.364198473282444
2018/02/03,8.898778625954199
2018/02/04,7.127404580152671
2018/02/05,8.298244274809168
2018/02/06,7.16198473282443
2018/02/07,7.298923076923076
2018/02/08,6.34023076923077
2018/02/09,8.141984732824431
2018/02/10,9.366488549618316
2018/02/11,11.156030534351144
2018/02/12,11.92366412213741
2018/02/13,9.968153846153841
2018/02/14,14.563511450381675
2018/02/15,15.882366412213742
2018/02/16,12.306259541984737
2018/02/17,14.84236641221374
2018/02/18,11.889166666666672
2018/02/19,12.355725190839697
2018/02/20,14.454045801526721
2018/02/21,11.729770992366404
2018/02/22,9.52618320610687
2018/02/23,7.011076923076927
2018/02/24,7.476641221374047
2018/02/25,10.47534351145038
2018/02/26,12.102
2018/02/27,9.809694656488551
2018/03/01,13.969007633587784
2018/03/02,11.838778625954195
2018/03/03,13.584503816793887
2018/03/04,11.663816793893128
2018/03/05,11.858854961832055
2018/03/06,14.841590909090908
2018/03/07,13.685648854961835
2018/03/08,14.104885496183211
2018/03/09,18.42115384615385
2018/03/10,19.233664122137395
2018/03/11,15.369696969696976
2018/03/12,16.166946564885496
2018/03/13,15.844961240310075
2018/03/14,16.18853846153846
2018/03/15,15.999692307692305
2018/03/16,14.309694656488556
2018/03/17,11.928091603053444
2018/03/18,12.244621212121208
2018/03/19,13.444580152671756
2018/03/20,10.871221374045795
2018/03/21,10.322803030303028
2018/03/22,11.515114503816793
2018/03/23,15.525038167938929
2018/03/24,14.150381679389312
2018/03/25,14.6476
2018/03/26,15.56312977099236
2018/03/27,19.064696969696975
2018/03/28,20.884045801526717
2018/03/29,19.14145038167939
2018/03/30,15.250305343511458
2018/04/01,15.008712121212127
2018/04/02,14.243740458015264
2018/04/03,17.23526717557253
2018/04/04,18.70633587786259
2018/04/05,17.8624427480916
2018/04/06,15.130151515151521
2018/04/07,15.499618320610685
2018/04/08,15.741832061068711
2018/04/09,15.518473282442747
2018/04/10,14.178409090909094
2018/04/11,13.281818181818176
2018/04/12,16.792061068702296
2018/04/13,15.467404580152673
2018/04/14,15.58886363636364
2018/04/15,19.327786259541977
2018/04/16,19.051297709923674
2018/04/17,17.90412213740459
2018/04/18,17.609924242424242
2018/04/19,16.88618320610687
2018/04/20,18.033053435114503
2018/04/21,17.242595419847333
2018/04/22,19.39106060606061
2018/04/23,21.60435114503817
2018/04/24,22.610839694656484
2018/04/25,17.95439393939393
2018/04/26,18.28374045801527
2018/04/27,19.567022900763362
2018/04/28,19.57618320610688
2018/04/29,17.13282442748091
2018/05/01,15.183053435114505
2018/05/02,17.649696969696972
2018/05/03,20.66167938931298
2018/05/04,18.09335877862596
2018/05/05,19.160984848484837
2018/05/06,18.736030534351144
2018/05/07,18.89557251908397
2018/05/08,19.50302325581394
2018/05/09,20.93537878787878
2018/05/10,18.166307692307686
2018/05/11,19.46809160305344
2018/05/12,21.911742424242433
2018/05/13,20.70839694656489
2018/05/14,18.78213740458015
2018/05/15,17.884384615384626
2018/05/16,18.49159090909091
2018/05/17,18.240152671755727
2018/05/18,19.00572519083971
2018/05/19,19.31290076335878
2018/05/20,19.181461538461544
2018/05/21,20.17641221374046
2018/05/22,22.33816793893129
2018/05/23,21.63227272727274
2018/05/24,22.32740458015267
2018/05/25,24.009076923076933
2018/05/26,21.628030303030304
2018/05/27,21.935038167938934
2018/05/28,18.462295081967216
2018/06/01,23.127441860465115
2018/06/02,18.50189781021898
2018/06/03,21.34211678832117
2018/06/04,24.30739130434783
2018/06/05,22.111014492753625
2018/06/06,20.629307692307698
2018/06/07,22.17963503649635
2018/06/08,23.282773722627738
2018/06/09,21.582391304347833
2018/06/10,23.442043795620435
2018/06/11,24.734565217391314
2018/06/12,26.481897810218978
2018/06/13,25.140000000000004
2018/06/14,23.47116788321168
2018/06/15,23.93985294117645
2018/06/16,24.415
2018/06/17,24.6758394160584
2018/06/18,24.41710144927536
2018/06/19,24.010444444444445
2018/06/20,24.508478260869577
2018/06/21,25.557647058823544
2018/06/22,26.084888888888887
2018/06/23,25.25666666666667
2018/06/24,25.355925925925916
2018/06/25,25.750447761194025
2018/06/26,25.480144927536234
2018/06/27,26.135869565217387
2018/06/28,24.57686131386862
2018/06/29,26.086000000000002
2018/07/01,27.153555555555563
2018/07/02,29.495144927536234
2018/07/03,26.13992592592593
2018/07/04,26.83811594202898
2018/07/05,29.823722627737226
2018/07/06,25.813138686131385
2018/07/07,25.40639097744361
2018/07/08,26.794469696969696
2018/07/09,26.630875912408747
2018/07/10,26.83623188405797
2018/07/11,26.647608695652156
2018/07/12,27.275942028985515
2018/07/13,27.394014598540153
2018/07/14,28.143749999999997
2018/07/15,27.564087591240867
2018/07/16,29.17737226277372
2018/07/17,25.93021897810218
2018/07/18,26.27586956521739
2018/07/19,26.263407407407406
2018/07/20,26.844682539682527
2018/07/21,26.646592592592587
2018/07/22,26.296102941176468
2018/07/23,26.59427536231884
2018/07/24,27.9394890510949
2018/07/25,26.31804347826086
2018/07/26,26.34459854014598
2018/07/27,26.126159420289834
2018/07/28,28.584651162790696
2018/07/29,27.14588235294117
2018/07/30,27.878913043478256
2018/08/01,27.40239130434783
2018/08/02,27.162116788321164
2018/08/03,28.175942028985506
2018/08/04,27.694492753623194
2018/08/05,28.882116788321174
2018/08/06,30.4641726618705
2018/08/07,27.836811594202906
2018/08/08,27.753161764705883
2018/08/09,27.93449275362319
2018/08/10,27.773478260869577
2018/08/11,27.479565217391304
2018/08/12,26.977956204379563
2018/08/13,29.023840579710132
2018/08/14,27.031231884057966
2018/08/15,26.104565217391308
2018/08/16,24.42007246376812
2018/08/17,23.76818840579711
2018/08/18,24.080359712230223
2018/08/19,24.44036496350364
2018/08/20,24.8746715328467
2018/08/21,25.190291970802914
2018/08/22,25.905333333333328
2018/08/23,26.127297297297304
2018/08/24,28.001944444444455
2018/08/25,26.784716981132078
2018/08/26,26.938556701030926
2018/08/27,26.886703296703303
2018/08/28,25.573797468354428
2018/08/29,26.0698717948718
2018/08/30,26.051200000000005
2018/09/01,25.683125
2018/09/02,26.198688524590175
2018/09/03,25.666181818181823
2018/09/04,27.005454545454548
2018/09/05,27.345106382978727
2018/09/06,27.422444444444444
2018/09/07,25.080000000000002
2018/09/08,20.914444444444445
2018/09/09,25.20133333333333
2018/09/10,27.494545454545456
2018/09/11,25.837391304347825
2018/09/12,26.44788461538461
2018/09/13,26.274477611940295
2018/09/14,25.192839506172845
2018/09/15,22.030250000000002
2018/09/16,24.539130434782603
2018/09/17,24.90557894736842
2018/09/18,25.233030303030315
2018/09/19,24.716078431372548
2018/09/20,25.43942857142856
2018/09/21,25.8091743119266
2018/09/22,25.513669724770647
2018/09/23,25.840934579439246
2018/09/24,25.36162162162161
2018/09/25,24.3186842105263
2018/09/26,23.168547008547005
2018/09/27,23.195603448275858
2018/09/28,21.552393162393162
2018/09/29,21.620169491525413
2018/10/01,21.09198198198198
2018/10/02,20.03708333333334
2018/10/03,20.133389830508484
2018/10/04,20.632192982456143
2018/10/05,20.16290909090909
2018/10/06,21.575405405405405
2018/10/07,20.81261682242991
2018/10/08,18.863584905660375
2018/10/09,17.258761904761904
2018/10/10,20.281698113207554
2018/10/11,21.22723809523809
2018/10/12,22.167757009345802
2018/10/13,21.102970297029703
2018/10/14,19.209166666666665
2018/10/15,17.939587628865983
2018/10/16,17.539081632653062
2018/10/17,19.333936170212763
2018/10/18,18.116344086021506
2018/10/19,18.40681318681319
2018/10/20,18.69886363636364
2018/10/21,21.37822222222222
2018/10/22,20.869000000000007
2018/10/23,19.49295454545455
2018/10/24,19.48848101265823
2018/10/25,19.743194444444455
2018/10/26,18.342499999999998
2018/10/27,17.069324324324327
2018/10/28,12.451898734177211
2018/10/29,12.029710144927538
2018/10/30,9.874150943396227
2018/11/01,13.437037037037037
2018/11/02,15.218103448275862
2018/11/03,13.580188679245284
2018/11/04,14.481372549019609
2018/11/05,10.98625
2018/11/06,13.334883720930238
2018/11/07,14.480749999999997
2018/11/08,15.587045454545459
2018/11/09,15.353488372093024
2018/11/10,17.191041666666674
2018/11/11,16.683846153846154
2018/11/12,15.988974358974364
2018/11/13,16.499285714285715
2018/11/14,16.780909090909095
2018/11/15,17.098750000000003
2018/11/16,16.835405405405403
2018/11/17,16.626666666666665
2018/11/18,15.090277777777775
2018/11/19,12.916153846153845
2018/11/20,13.13
2018/11/21,12.215806451612899
2018/11/22,12.857499999999996
2018/11/23,14.06791666666667
2018/11/24,12.014800000000003
2018/11/25,14.906999999999996
2018/11/26,14.851904761904766
2018/11/27,14.760833333333332
2018/11/28,14.058571428571431
2018/11/29,11.598666666666666
2018/12/01,13.360769230769233
2018/12/02,15.665714285714287
2018/12/03,16.404285714285717
2018/12/04,15.80090909090909
2018/12/05,15.45444444444444
2018/12/06,16.107777777777777
2018/12/07,18.786
2018/12/08,20.32
2018/12/09,22.39
2018/12/10,19.13
2018/12/11,12.00326923076923
2018/12/12,13.161594202898549
2018/12/13,10.607669172932333
2018/12/14,11.95565573770492
2018/12/15,13.336637168141595
2018/12/16,14.595044247787609
2018/12/17,12.301333333333336
2018/12/18,9.592735849056599
2018/12/19,12.844537037037036
2018/12/20,12.366862745098036
2018/12/21,10.931562499999998
2018/12/22,11.956179775280896
2018/12/23,10.775697674418602
2018/12/24,11.865172413793106
2018/12/25,10.40311111111111
2018/12/26,11.05132530120482
2018/12/27,10.241829268292681
2018/12/28,10.416867469879517
2018/12/29,11.952658227848103
2018/12/30,10.056999999999993
2019/01/01,10.760000000000002
2019/01/02,11.502153846153847
2019/01/03,9.703768115942028
2019/01/04,8.797619047619044
2019/01/05,9.002656250000001
2019/01/06,11.013709677419353
2019/01/07,9.840491803278688
2019/01/08,9.59311475409836
2019/01/09,12.703275862068969
2019/01/10,8.285172413793104
2019/01/11,6.689019607843136
2019/01/12,7.615399999999998
2019/01/13,10.319600000000001
2019/01/14,13.624038461538463
2019/01/15,11.023404255319146
2019/01/16,11.1994
2019/01/17,10.457241379310346
2019/01/18,10.1940350877193
2019/01/19,12.016101694915255
2019/01/20,10.240204081632655
2019/01/21,11.113800000000001
2019/01/22,9.832708333333333
2019/01/23,14.753076923076922
2019/01/24,14.253962264150944
2019/01/25,15.946521739130434
2019/01/26,13.907073170731707
2019/01/27,14.489318181818176
2019/01/28,15.021818181818187
2019/01/29,14.278846153846153
2019/01/30,14.516551724137933
2019/02/01,15.010535714285714
2019/02/02,11.800000000000002
2019/02/03,10.641960784313726
2019/02/04,11.53867924528302
2019/02/05,13.540196078431372
2019/02/06,14.3858
2019/02/07,15.554716981132078
2019/02/08,13.242807017543866
2019/02/09,14.290000000000001
2019/02/10,14.480277777777777
2019/02/11,15.040810810810802
2019/02/12,11.694264705882352
2019/02/13,11.474366197183102
2019/02/14,13.442692307692308
2019/02/15,13.077439024390243
2019/02/16,11.942533333333333
2019/02/17,11.194810126582277
2019/02/18,12.071477272727272
2019/02/19,12.103604651162792
2019/02/20,13.21623655913979
2019/02/21,11.731368421052629
2019/02/22,14.085494505494506
2019/02/23,17.11197802197802
2019/02/24,13.700319148936167
2019/02/25,13.528736842105271
2019/02/26,13.562446808510638
2019/02/27,14.744526315789473
2019/03/01,15.385940594059402
2019/03/02,16.24971428571429
2019/03/03,17.23718446601942
2019/03/04,19.24904761904762
2019/03/05,18.0151376146789
2019/03/06,16.643859649122813
2019/03/07,15.538928571428572
2019/03/08,13.698495575221235
2019/03/09,14.009821428571426
2019/03/10,17.694070796460178
2019/03/11,14.72
2019/03/12,15.901724137931032
2019/03/13,16.55396694214877
2019/03/14,13.937768595041325
2019/03/15,16.718548387096774
2019/03/16,16.82967213114754
2019/03/17,19.997177419354838
2019/03/18,11.623839285714283
2019/03/19,11.48078947368421
2019/03/20,10.46888888888889
2019/03/21,11.880000000000003
2019/03/22,13.299918699186989
2019/03/23,12.335639097744359
2019/03/24,14.184214876033051
2019/03/25,14.25955882352941
2019/03/26,12.417761194029847
2019/03/27,11.649411764705876
2019/03/28,11.714525547445248
2019/03/29,11.094565217391299
2019/03/30,12.627101449275358
2019/04/01,15.263157894736842
2019/04/02,16.790802919708035
2019/04/03,17.045328467153286
2019/04/04,15.20391304347826
2019/04/05,12.797007299270074
2019/04/06,11.906884057971014
2019/04/07,13.267664233576646
2019/04/08,15.315220588235293
2019/04/09,16.55226277372264
2019/04/10,13.580220588235298
2019/04/11,15.895579710144922
2019/04/12,15.520144927536224
2019/04/13,16.66884057971015
2019/04/14,20.24676470588234
2019/04/15,17.592773722627726
2019/04/16,17.087883211678832
2019/04/17,16.70289855072464
2019/04/18,14.600144927536233
2019/04/19,12.366449275362323
2019/04/20,12.972900763358778
2019/04/21,12.929032258064517
2019/04/22,13.67359550561798
2019/04/23,15.549120879120878
2019/04/24,16.70645833333333
2019/04/25,17.876568627450975
2019/04/26,19.39666666666667
2019/04/27,18.631092436974797
2019/04/28,17.85852713178294
2019/04/29,16.221811594202908
2019/05/01,17.67550724637681
2019/05/02,18.27753623188407
2019/05/03,17.26833333333332
2019/05/04,18.204233576642334
2019/05/05,18.10811594202899
2019/05/06,18.014525547445256
2019/05/07,20.356739130434775
2019/05/08,23.462189781021888
2019/05/09,25.356277372262767
2019/05/10,25.70253623188406
2019/05/11,25.034782608695643
2019/05/12,20.843768115942026
2019/05/13,18.245289855072464
2019/05/14,19.726811594202896
2019/05/15,19.726811594202896
2019/05/16,21.190869565217398
2019/05/17,21.041594202898565
2019/05/18,19.509492753623196
2019/05/19,19.012463768115936
2019/05/20,19.230656934306577
2019/05/21,19.359782608695653
2019/05/22,20.81804347826088
2019/05/23,22.180869565217392
2019/05/24,17.57434782608697
2019/05/25,18.53021739130435
2019/05/26,21.866666666666667
2019/05/27,23.214057971014494
2019/05/28,22.63760869565217
2019/05/29,19.766793893129776
2019/05/30,20.352028985507253
2019/06/01,21.421449275362324
2019/06/02,22.195507246376817
2019/06/03,22.886086956521748
2019/06/04,23.53430656934306
2019/06/05,23.249565217391304
2019/06/06,22.06579710144927
2019/06/07,24.25695652173912
2019/06/08,22.103043478260872
2019/06/09,24.05759124087592
2019/06/10,25.70608695652174
2019/06/11,21.621449275362323
2019/06/12,20.75072463768117
2019/06/13,22.541313868613145
2019/06/14,24.550797101449273
2019/06/15,26.23927536231884
2019/06/16,21.15139705882353
2019/06/17,23.954782608695655
2019/06/18,23.414855072463762
2019/06/19,26.85569343065694
2019/06/20,24.398394160583937
2019/06/21,24.696376811594202
2019/06/22,24.31260869565217
2019/06/23,23.855144927536234
2019/06/24,25.47188405797101
2019/06/25,25.51862318840579
2019/06/26,26.65101449275363
2019/06/27,27.61620437956203
2019/06/28,27.84255474452555
2019/06/29,28.401231884057978
2019/07/01,26.83145985401459
2019/07/02,26.287445255474456
2019/07/03,26.12455882352939
2019/07/04,25.916521739130424
2019/07/05,27.30500000000001
2019/07/06,28.224817518248166
2019/07/07,29.73963768115941
2019/07/08,25.648333333333337
2019/07/09,27.687246376811594
2019/07/10,25.753430656934306
2019/07/11,26.962246376811592
2019/07/12,27.774485294117657
2019/07/13,27.828550724637683
2019/07/14,29.146014492753622
2019/07/15,28.633065693430652
2019/07/16,27.232426470588237
2019/07/17,26.194275362318837
2019/07/18,26.423065693430647
2019/07/19,26.57251798561151
2019/07/20,27.10188405797101
2019/07/21,28.058043478260874
2019/07/22,27.48855072463768
2019/07/23,27.7732116788321
2019/07/24,27.69043478260871
2019/07/25,27.523382352941184
2019/07/26,28.413925925925923
2019/07/27,30.094191176470588
2019/07/28,28.483750000000008
2019/07/29,27.183851851851863
2019/07/30,26.575434782608703
2019/08/01,26.16239130434781
2019/08/02,27.221897810218987
2019/08/03,26.629927007299276
2019/08/04,27.216444444444445
2019/08/05,27.460592592592587
2019/08/06,29.024275362318825
2019/08/07,28.84037037037038
2019/08/08,29.118088235294124
2019/08/09,30.392246376811595
2019/08/10,29.933676470588235
2019/08/11,28.03343065693431
2019/08/12,27.842573529411762
2019/08/13,25.400583941605817
2019/08/14,25.94284671532846
2019/08/15,26.81869565217392
2019/08/16,25.68111111111112
2019/08/17,27.13102189781023
2019/08/18,27.469552238805978
2019/08/19,26.50021739130435
2019/08/20,26.721167883211688
2019/08/21,24.77380597014927
2019/08/22,24.693741007194262
2019/08/23,24.45880597014925
2019/08/24,24.396043165467617
2019/08/25,24.77615942028985
2019/08/26,24.01124087591241
2019/08/27,23.359259259259254
2019/08/28,24.039565217391306
2019/08/29,24.62434782608696
2019/08/30,24.522028985507248
2019/09/01,25.911521739130436
2019/09/02,24.661449275362322
2019/09/03,25.127482014388487
2019/09/04,25.39056
2019/09/05,24.29659420289855
2019/09/06,23.92971014492754
2019/09/07,23.25094890510948
2019/09/08,21.96094202898552
2019/09/09,23.003623188405804
2019/09/10,23.256231884057975
2019/09/11,17.80863636363637
2019/09/12,17.925175438596494
2019/09/13,19.871229508196727
2019/09/14,20.721463414634137
2019/09/15,23.193768115942042
2019/09/16,23.83934306569344
2019/09/17,22.57920289855072
2019/09/18,23.190437956204377
2019/09/19,22.288394160583934
2019/09/20,22.47043165467625
2019/09/21,23.46839416058394
2019/09/22,24.70598540145986
2019/09/23,23.001811594202902
2019/09/24,23.49984962406015
2019/09/25,24.96666666666666
2019/09/26,23.072982456140345
2019/09/27,23.85140350877193
2019/09/28,22.635438596491227
2019/09/29,23.86336363636365
2019/10/01,25.363867924528304
2019/10/02,24.769813084112158
2019/10/03,22.074536082474232
2019/10/04,21.71292134831461
2019/10/05,21.53413793103449
2019/10/06,21.840886075949367
2019/10/07,22.213918918918914
2019/10/08,21.607894736842105
2019/10/09,21.222142857142853
2019/10/10,22.104098360655744
2019/10/11,23.204124999999998
2019/10/12,22.1829347826087
2019/10/13,23.50408163265306
2019/10/14,21.35861386138614
2019/10/15,18.127980769230774
2019/10/16,17.720000000000002
2019/10/17,18.98973451327433
2019/10/18,20.108739495798325
2019/10/19,19.870487804878053
2019/10/20,15.796608695652173
2019/10/21,14.659999999999998
2019/10/22,13.141153846153843
2019/10/23,14.204907407407413
2019/10/24,15.660990099009899
2019/10/25,17.992477876106197
2019/10/26,17.655775862068964
2019/10/27,16.727903225806454
2019/10/28,16.09710743801653
2019/10/29,19.290708661417323
2019/10/30,19.272727272727273
2019/11/01,21.956589147286834
2019/11/02,20.549000000000003
2019/11/03,20.707580645161297
2019/11/04,20.411953125000007
2019/11/05,16.88050847457627
2019/11/06,16.04193277310924
2019/11/07,15.612307692307692
2019/11/08,13.724035087719303
2019/11/09,14.32066666666666
2019/11/10,14.374159292035397
2019/11/11,13.711344537815132
2019/11/12,14.569531249999997
2019/11/13,16.996666666666673
2019/11/14,11.65736263736264
2019/11/15,11.158859649122807
2019/11/16,12.028849557522125
2019/11/17,11.617542372881353
2019/11/18,11.986434782608702
2019/11/19,10.70747747747748
2019/11/20,10.81982456140351
2019/11/21,10.921727272727269
2019/11/22,11.012934782608694
2019/11/23,14.225625000000003
2019/11/24,12.747099999999994
2019/11/25,15.679684210526325
2019/11/26,15.919081632653063
2019/11/27,17.28329896907216
2019/11/28,15.399499999999994
2019/11/29,16.254545454545454
2019/12/01,14.317333333333327
2019/12/02,12.980853658536583
2019/12/03,10.950769230769232
2019/12/04,11.477413793103448
2019/12/05,13.624305555555559
2019/12/06,13.112816901408449
2019/12/07,11.856666666666664
2019/12/08,14.024347826086958
2019/12/09,16.377260273972606
2019/12/10,13.640000000000002
2019/12/11,13.767941176470588
2019/12/12,13.1995890410959
2019/12/13,17.55333333333333
2019/12/14,16.21408450704225
2019/12/15,12.785384615384615
2019/12/16,10.825084745762709
2019/12/17,13.491363636363635
2019/12/18,12.975517241379315
2019/12/19,9.363773584905658
2019/12/20,13.274000000000001
2019/12/21,16.881136363636365
2019/12/22,19.479302325581394
2019/12/23,16.14275
2019/12/24,15.371538461538465
2019/12/25,13.532564102564098
2019/12/26,16.974000000000004
2019/12/27,12.772391304347826
2019/12/28,12.10761904761905
2019/12/29,12.332800000000002
2019/12/30,11.496458333333335
2020/01/01,10.957659574468085
2020/01/02,10.387567567567565
2020/01/03,11.125116279069767
2020/01/04,11.244
2020/01/05,11.208809523809524
2020/01/06,10.032222222222222
2020/01/07,10.47734693877551
2020/01/08,10.351399999999998
2020/01/09,12.092352941176467
2020/01/10,11.997021276595742
2020/01/11,12.824042553191488
2020/01/12,11.469090909090907
2020/01/13,10.073750000000002
2020/01/14,10.881200000000002
2020/01/15,11.579272727272727
2020/01/16,12.044999999999998
2020/01/17,14.335636363636365
2020/01/18,11.281458333333338
2020/01/19,9.781489361702128
2020/01/20,7.7925714285714305
2020/01/21,9.768249999999998
2020/01/22,12.030999999999999
2020/01/23,11.951851851851847
2020/01/24,11.412
2020/01/25,12.300243902439023
2020/01/26,12.387333333333332
2020/01/27,13.421538461538459
2020/01/28,16.582575757575757
2020/01/29,16.17013888888889
2020/01/30,17.24767123287671
2020/02/01,18.085384615384612
2020/02/02,17.854761904761908
2020/02/03,16.956144578313253
2020/02/04,19.637093023255805
2020/02/05,12.468192771084333
2020/02/06,12.100454545454545
2020/02/07,11.517684210526312
2020/02/08,14.171500000000005
2020/02/09,15.178073394495412
2020/02/10,16.07801724137931
2020/02/11,18.153
2020/02/12,14.42346456692913
2020/02/13,15.275797101449278
2020/02/14,15.0763309352518
2020/02/15,12.930217391304348
2020/02/16,13.392681159420288
2020/02/17,16.30217391304348
2020/02/18,12.901376811594194
2020/02/19,13.366690647482022
2020/02/20,12.627028985507247
2020/02/21,10.693430656934312
2020/02/22,12.018029197080285
2020/02/23,12.592554744525543
2020/02/24,13.646449275362324
2020/02/25,18.341304347826092
2020/02/26,18.048129496402883
2020/02/27,15.870930232558141
2020/03/01,18.075144927536247
2020/03/02,18.30145985401461
2020/03/03,16.376906474820146
2020/03/04,19.933503649635032
2020/03/05,18.990507246376808
2020/03/06,15.094275362318845
2020/03/07,14.357518248175182
2020/03/08,16.627826086956517
2020/03/09,18.652101449275364
2020/03/10,16.918478260869563
2020/03/11,18.90985507246376
2020/03/12,17.770147058823536
2020/03/13,16.231824817518252
2020/03/14,15.889710144927545
2020/03/15,15.775035971223021
2020/03/16,11.995507246376809
2020/03/17,12.926811594202903
2020/03/18,14.422773722627742
2020/03/19,13.423768115942034
2020/03/20,12.943115942028987
2020/03/21,13.267480916030532
2020/03/22,11.46283582089552
2020/03/23,13.069492753623189
2020/03/24,11.792189781021897
2020/03/25,12.076569343065703
2020/03/26,13.2263768115942
2020/03/27,9.493925925925918
2020/03/28,12.370078740157478
2020/03/29,15.701984126984128
2020/03/30,12.807971014492754
2020/04/01,17.320692307692312
2020/04/02,12.783481481481482
2020/04/03,14.696838235294118
2020/04/04,13.61333333333333
2020/04/05,14.026350364963504
2020/04/06,15.258759124087586
2020/04/07,15.523260869565215
2020/04/08,14.885942028985509
2020/04/09,14.845144927536232
2020/04/10,16.75251851851851
2020/04/11,16.228768115942028
2020/04/12,14.512923076923073
2020/04/13,16.649927536231885
2020/04/14,16.386861313868618
2020/04/15,15.926159420289855
2020/04/16,16.324782608695653
2020/04/17,16.68620437956205
2020/04/18,17.18066176470588
2020/04/19,18.356934306569336
2020/04/20,19.75537878787879
2020/04/21,17.790729927007284
2020/04/22,18.581449275362328
2020/04/23,17.347132352941166
2020/04/24,16.61205882352942
2020/04/25,14.850676691729326
2020/04/26,17.832374100719438
2020/04/27,19.14159420289854
2020/04/28,18.366956521739134
2020/04/29,20.022720588235302
2020/05/01,24.48152173913044
2020/05/02,26.30277372262773
2020/05/03,22.842086330935263
2020/05/04,22.677246376811585
2020/05/05,23.340289855072466
2020/05/06,21.435328467153276
2020/05/07,21.036740740740743
2020/05/08,21.193412698412708
2020/05/09,20.677037037037046
2020/05/10,20.92772727272727
2020/05/11,22.585801526717564
2020/05/12,19.487173913043474
2020/05/13,19.940156250000005
2020/05/14,16.896376811594205
2020/05/15,16.510000000000005
2020/05/16,17.309779411764705
2020/05/17,18.072962962962965
2020/05/18,22.089492753623187
2020/05/19,23.304890510948926
2020/05/20,23.75985185185186
2020/05/21,23.1831386861314
2020/05/22,23.965217391304346
2020/05/23,23.55157024793388
2020/05/24,22.54409523809524
2020/05/25,20.323727272727275
2020/05/26,21.32518867924529
2020/05/27,22.246850393700786
2020/05/28,21.768333333333334
2020/05/29,21.583941605839424
2020/05/30,21.153043478260873
2020/06/01,23.08264705882351
2020/06/02,22.528978102189786
2020/06/03,24.094740740740733
2020/06/04,24.188102189781027
2020/06/05,24.603985507246374
2020/06/06,25.518550724637684
2020/06/07,24.40007246376811
2020/06/08,18.99780303030302
2020/06/09,21.030144927536238
2020/06/10,21.594130434782603
